{
  "config": {
    "n_satellites": 200,
    "samples_per_sat": 5000,
    "sample_period_ms": 1000,
    "seed": 42,
    "anomaly_fraction": 0.08,
    "late_fraction": 0.02,
    "late_max_skew_ms": 12000
  },
  "hardware": {
    "platform": "Linux-6.17.0-1018-azure-x86_64-with-glibc2.39",
    "machine": "x86_64",
    "python": "3.12.13",
    "cpu_count": 4
  },
  "throughput": {
    "rows": 1000000,
    "seconds": 43.40836276100001,
    "throughput_rows_per_s": 23037.035640018294,
    "windows": 33400,
    "late_accepted": 2743,
    "dead_lettered": 0,
    "window_updates": 2743
  },
  "query_latency": {
    "backend": "in-memory window results",
    "iters": 300,
    "result_rows": 33400,
    "p50_ms": 2.5523139999990008,
    "p95_ms": 5.1225775000020235,
    "p99_ms": 5.3259783600015
  }
}